{
  "version": "7",
  "dialect": "mysql",
  "entries": [
    {
      "idx": 0,
      "version": "5",
      "when": 1765846822086,
      "tag": "0000_boring_patch",
      "breakpoints": true
    },
    {
      "idx": 1,
      "version": "5",
      "when": 1765846875050,
      "tag": "0001_round_speed",
      "breakpoints": true
    },
    {
      "idx": 2,
      "version": "5",
      "when": 1765857792571,
      "tag": "0002_sour_praxagora",
      "breakpoints": true
    },
    {
      "idx": 3,
      "version": "5",
      "when": 1766588150154,
      "tag": "0003_hesitant_lightspeed",
      "breakpoints": true
    },
    {
      "idx": 4,
      "version": "5",
      "when": 1766824303658,
      "tag": "0004_small_rattler",
      "breakpoints": true
    },
    {
      "idx": 5,
      "version": "5",
      "when": 1767100478055,
      "tag": "0005_lethal_marvel_zombies",
      "breakpoints": true
    },
    {
      "idx": 6,
      "version": "5",
      "when": 1767227643524,
      "tag": "0006_vengeful_madripoor",
      "breakpoints": true
    }
  ]
}